<?xml version="1.0"?>
<data grt_format="2.0">
  <value _ptr_="0000020AF4A1FDE0" type="list" content-type="object" content-struct-name="db.mgmt.ServerInstance">
    <value type="object" struct-name="db.mgmt.ServerInstance" id="{82223043-E3EE-4CC0-84D0-C17813AA4F0C}" struct-checksum="0x367436e2">
      <link type="object" struct-name="db.mgmt.Connection" key="connection">{C87046E9-52FC-4F08-868B-F017B63DDD3D}</link>
      <value _ptr_="0000020AF8BE6250" type="dict" key="loginInfo">
        <value type="string" key="ssh.hostName"></value>
        <value type="string" key="ssh.key">C:\Users\Dell\AppData\Roaming/.ssh/ssh_private_key</value>
        <value type="string" key="ssh.localPort">3306</value>
        <value type="int" key="ssh.useKey">0</value>
        <value type="string" key="ssh.userName">mysql</value>
      </value>
      <value _ptr_="0000020AF8BE71B0" type="dict" key="serverInfo">
        <value type="string" key="basedir">C:\Program Files\MySQL\MySQL Server 8.0\</value>
        <value type="string" key="datadir">C:\ProgramData\MySQL\MySQL Server 8.0\Data\</value>
        <value type="string" key="detected_os_name">Windows 10 Home Single Language</value>
        <value type="string" key="detected_os_type">windows</value>
        <value type="string" key="detected_os_variant">Windows</value>
        <value type="string" key="detected_os_version">Microsoft Windows [Version 10.0.26100.2605]</value>
        <value type="string" key="errorLogFilePath">SSPC.err</value>
        <value type="string" key="generalLogFilePath">SSPC.log</value>
        <value type="string" key="serverVersion">8.0.40</value>
        <value type="int" key="setupPending">0</value>
        <value type="int" key="slowLogEnabled">1</value>
        <value type="string" key="slowLogFilePath">SSPC-slow.log</value>
        <value type="string" key="sys.mysqld.service_name">MySQL</value>
        <value type="string" key="sys.sudo"></value>
        <value type="int" key="sys.usesudo">1</value>
        <value type="int" key="sys.usesudostatus">0</value>
        <value type="int" key="windowsAdmin">1</value>
      </value>
      <value type="string" key="name">IOT HUB</value>
    </value>
    <value type="object" struct-name="db.mgmt.ServerInstance" id="{79DD9D38-0BE9-4F74-A47F-B8BBD4307E8A}" struct-checksum="0x367436e2">
      <link type="object" struct-name="db.mgmt.Connection" key="connection">{0CE222F1-E15E-4D33-96D9-7322B962B64F}</link>
      <value _ptr_="0000020AF8BE7270" type="dict" key="loginInfo">
        <value type="string" key="ssh.hostName"></value>
        <value type="string" key="ssh.key">C:\Users\Dell\AppData\Roaming/.ssh/ssh_private_key</value>
        <value type="string" key="ssh.localPort">3306</value>
        <value type="int" key="ssh.useKey">0</value>
        <value type="string" key="ssh.userName">mysql</value>
      </value>
      <value _ptr_="0000020AF8BE6130" type="dict" key="serverInfo">
        <value type="int" key="setupPending">1</value>
        <value type="int" key="windowsAdmin">1</value>
      </value>
      <value type="string" key="name">new connection</value>
    </value>
  </value>
</data>
